Load_ID,Policy_ID,State,Product,Clause_ID,Policy_Version,Loaded_Version,Load_Date,Loaded_By,Required_Clause_Version
L000193,P100021,CT,POS,CL0085,5,2,2025-04-06,UserC,4
L000210,P100023,CA,PPO,CL0422,2,3,2025-02-23,UserA,2
L000265,P100029,MA,EPO,CL0129,5,1,2025-10-31,UserA,5
L000398,P100041,NY,POS,CL0331,2,3,2025-03-04,UserC,4
L000400,P100041,NY,POS,CL0023,2,5,2025-05-05,UserC,2
L000479,P100048,TX,POS,CL0950,3,4,2025-10-16,System,3
L000534,P100054,FL,POS,CL0372,2,2,2025-11-10,System,1
L000543,P100055,MA,POS,CL0274,1,4,2025-08-15,UserC,3
L000556,P100056,NY,HMO,CL0207,1,3,2025-10-06,UserB,5
L000566,P100057,CA,HMO,CL0926,5,4,2025-07-06,System,2
L000570,P100058,CA,PPO,CL0671,5,3,2025-08-21,UserB,4
L000650,P100067,FL,PPO,CL0912,4,5,2025-12-14,System,3
L000736,P100075,OH,EPO,CL0050,4,4,2025-10-10,System,2
L000765,P100077,IL,EPO,CL0946,2,1,2025-03-13,UserB,2
L000921,P100092,PA,EPO,CL0706,4,2,2025-03-08,UserC,3
L000939,P100094,TX,HMO,CL0770,5,2,2025-08-14,UserC,1
L000976,P100098,IL,POS,CL0276,2,3,2025-12-01,System,4
L001052,P100104,FL,EPO,CL0067,4,4,2025-02-11,System,2
L001083,P100107,FL,EPO,CL0067,3,4,2025-06-06,UserA,2
L001122,P100110,CT,EPO,CL0547,1,5,2025-05-28,System,4
L001198,P100117,TX,HMO,CL0156,5,2,2025-03-04,UserA,5
L001324,P100131,TX,HMO,CL0670,5,5,2025-12-25,UserC,4
L001384,P100136,IL,EPO,CL0770,1,5,2025-10-22,System,3
L001465,P100143,TX,PPO,CL0095,2,1,2025-06-25,UserC,3
L001482,P100145,CT,POS,CL0458,4,3,2025-06-20,UserB,2
L001738,P100170,NJ,POS,CL0513,4,5,2025-12-03,UserC,3
L001805,P100176,CT,HMO,CL0709,1,2,2025-10-16,System,4
L001873,P100183,CT,EPO,CL0874,1,1,2025-01-12,UserB,4
L001934,P100189,TX,HMO,CL0188,3,2,2025-05-11,UserB,5
L001935,P100189,TX,HMO,CL0442,3,5,2025-08-25,UserB,3
L001936,P100189,TX,HMO,CL0125,3,3,2025-01-18,UserA,4
L002000,P100196,PA,HMO,CL0251,2,1,2025-11-08,UserC,2
L002024,P100199,CA,POS,CL0793,2,1,2025-08-30,UserC,4
L002193,P100214,IL,HMO,CL0155,2,1,2025-11-06,UserA,4
L002207,P100215,CT,EPO,CL0547,5,3,2025-05-01,System,4
L002230,P100217,TX,HMO,CL0770,5,4,2025-06-24,System,1
L002295,P100223,NY,POS,CL0240,1,2,2025-11-22,UserA,1
L002362,P100229,IL,HMO,CL0696,5,1,2025-11-07,UserA,4
L002412,P100234,PA,POS,CL0612,1,2,2025-06-22,UserA,1
L002428,P100235,PA,HMO,CL0966,3,1,2025-05-10,System,5
L002440,P100236,TX,HMO,CL0770,3,2,2025-03-24,System,1
L002469,P100238,IL,HMO,CL0249,3,5,2025-06-04,UserB,3
L002548,P100247,FL,HMO,CL0808,3,2,2025-02-12,UserA,4
L002582,P100250,FL,PPO,CL0433,3,3,2025-04-15,UserA,2
L002608,P100252,CA,POS,CL0340,4,1,2025-11-30,UserC,3
L002637,P100255,NJ,PPO,CL0672,2,5,2025-03-27,System,4
L002804,P100273,TX,HMO,CL0156,4,1,2025-10-29,UserA,5
L002818,P100274,NJ,EPO,CL0441,4,4,2025-10-22,System,5
L002825,P100275,CT,EPO,CL0979,5,3,2025-07-01,System,5
L002888,P100281,CA,PPO,CL0774,2,3,2025-04-27,UserA,2
L002923,P100285,FL,EPO,CL0499,5,3,2025-12-10,System,4
L003089,P100302,CT,POS,CL0080,1,3,2025-02-08,System,4
L003312,P100324,NY,PPO,CL0647,2,2,2025-05-23,UserB,1
L003372,P100329,IL,PPO,CL0666,1,5,2025-02-17,System,4
L003381,P100330,CA,EPO,CL0918,5,2,2025-07-15,UserC,3
L003428,P100336,NY,EPO,CL0311,3,4,2025-07-15,UserA,3
L003454,P100338,FL,POS,CL0698,2,2,2025-10-27,UserB,1
L003524,P100345,FL,EPO,CL0856,4,2,2025-06-24,UserC,3
L003685,P100363,CA,EPO,CL0295,5,4,2025-08-02,UserB,2
L003741,P100369,TX,HMO,CL0670,5,5,2025-02-10,UserB,4
L003783,P100373,NJ,EPO,CL0697,5,2,2025-11-09,UserA,1
L003906,P100386,PA,EPO,CL0706,1,1,2025-10-09,System,3
L003983,P100394,OH,EPO,CL0332,2,2,2025-04-04,UserA,4
L004101,P100405,TX,HMO,CL0156,5,1,2025-07-08,System,5
L004448,P100439,FL,EPO,CL0993,2,1,2025-10-11,UserB,2
L004450,P100440,TX,EPO,CL0842,5,1,2025-07-01,UserC,4
L004457,P100440,TX,EPO,CL0636,5,1,2025-09-15,UserC,4
L004586,P100453,CT,EPO,CL0859,2,5,2025-04-28,UserB,3
L004817,P100477,IL,PPO,CL0553,2,2,2025-02-07,System,3
L004863,P100482,PA,HMO,CL0770,2,5,2025-02-17,System,3
L004937,P100488,MA,POS,CL0684,1,1,2025-01-29,UserB,5
L004944,P100489,NY,PPO,CL0891,5,4,2025-11-14,System,3
L005000,P100494,PA,POS,CL0210,2,4,2025-04-03,System,5
L005039,P100498,IL,PPO,CL0908,1,3,2025-04-16,UserA,5
L005054,P100499,NJ,EPO,CL0676,1,5,2025-02-01,System,1
L005109,P100504,IL,PPO,CL0115,2,2,2025-01-06,UserB,3
L005124,P100506,NJ,PPO,CL0023,4,1,2025-12-11,UserB,5
L005128,P100506,NJ,PPO,CL0155,4,1,2025-08-01,UserA,4
L005160,P100509,IL,EPO,CL0767,3,3,2025-01-13,UserB,2
L005204,P100513,MA,HMO,CL0033,1,3,2025-07-09,System,4
L005373,P100528,OH,PPO,CL0905,3,3,2025-06-11,UserB,1
L005393,P100530,TX,HMO,CL0188,4,3,2025-01-08,UserC,5
L005411,P100531,OH,HMO,CL0234,1,1,2025-10-10,UserC,3
L005528,P100543,OH,HMO,CL0354,3,1,2025-03-28,UserB,3
L005612,P100552,FL,PPO,CL0048,4,2,2025-10-11,UserA,4
L005694,P100559,MA,POS,CL0310,4,4,2025-05-10,System,3
L005744,P100565,OH,HMO,CL0536,5,4,2025-10-25,UserB,2
L005791,P100570,NY,HMO,CL0207,1,4,2025-05-05,System,5
L005829,P100574,IL,EPO,CL0770,4,2,2025-03-28,UserB,3
L006019,P100592,NJ,PPO,CL0306,3,1,2025-05-18,System,5
L006051,P100595,IL,POS,CL0214,4,5,2025-07-06,System,2
L006091,P100598,CT,EPO,CL0635,1,3,2025-08-17,System,1
L006107,P100600,PA,EPO,CL0706,1,1,2025-06-21,UserC,3
L006170,P100607,FL,POS,CL0355,1,3,2025-01-16,UserA,5
L006172,P100607,FL,POS,CL0372,1,3,2025-07-14,System,1
L006217,P100612,OH,PPO,CL0603,4,5,2025-03-09,UserB,4
L006218,P100612,OH,PPO,CL0396,4,2,2025-10-29,System,1
L006246,P100615,FL,HMO,CL0596,1,1,2025-02-14,UserB,3
L006269,P100617,NY,EPO,CL0755,1,4,2025-06-17,System,5
L006432,P100632,IL,HMO,CL0155,1,2,2025-02-06,UserB,4
L006468,P100636,NY,HMO,CL0102,1,4,2025-04-09,UserA,5
L006486,P100638,TX,POS,CL0202,3,3,2025-12-24,UserC,2
L006612,P100650,CT,HMO,CL0902,5,2,2025-03-23,UserA,4
L006780,P100668,OH,PPO,CL0907,3,2,2025-07-06,UserB,1
L006799,P100669,OH,EPO,CL0841,4,4,2025-11-22,UserB,3
L006846,P100674,CT,POS,CL0624,3,3,2025-01-03,UserC,4
L006847,P100674,CT,POS,CL0848,3,4,2025-11-10,System,5
L006892,P100678,CT,EPO,CL0803,3,2,2025-09-28,System,5
L006895,P100678,CT,EPO,CL0635,3,4,2025-10-05,UserC,1
L006953,P100685,NY,PPO,CL0067,2,2,2025-01-26,UserA,5
L007041,P100694,CT,POS,CL0034,4,3,2025-07-06,UserC,5
L007207,P100710,IL,EPO,CL0325,1,5,2025-10-16,System,1
L007317,P100722,CT,HMO,CL0758,2,4,2025-04-14,UserC,3
L007332,P100723,OH,PPO,CL0282,2,3,2025-07-01,UserC,2
L007410,P100731,NY,POS,CL0257,3,5,2025-02-28,UserC,1
L007460,P100735,TX,EPO,CL0743,4,5,2025-10-27,UserA,4
L007552,P100744,NJ,HMO,CL0274,2,5,2025-04-28,UserA,4
L007664,P100756,CT,EPO,CL0970,1,3,2025-12-24,UserA,4
L007679,P100757,PA,POS,CL0510,3,5,2025-02-14,System,1
L007858,P100774,CT,PPO,CL0514,4,2,2025-08-12,System,1
L007993,P100789,NY,PPO,CL0647,4,3,2025-02-11,System,1
L008057,P100795,TX,HMO,CL0434,5,2,2025-10-26,UserC,5
L008235,P100812,NY,EPO,CL0133,1,3,2025-06-21,UserB,2
L008264,P100816,FL,PPO,CL0977,3,2,2025-07-07,UserA,3
L008266,P100816,FL,PPO,CL0050,3,5,2025-11-01,System,2
L008275,P100817,FL,EPO,CL0048,3,3,2025-04-14,UserA,1
L008358,P100825,OH,HMO,CL0872,5,4,2025-05-20,System,3
L008364,P100826,NY,EPO,CL0077,1,3,2025-03-30,UserB,4
L008377,P100827,FL,POS,CL0285,4,3,2025-02-03,UserC,1
L008445,P100833,CA,EPO,CL0918,3,2,2025-09-06,UserA,3
L008471,P100837,TX,POS,CL0542,5,4,2025-08-04,UserB,5
L008517,P100841,IL,PPO,CL0649,2,5,2025-07-04,UserA,3
L008620,P100851,MA,POS,CL0943,5,3,2025-03-07,UserC,4
L008633,P100852,MA,POS,CL0310,5,5,2025-01-26,UserA,3
L008949,P100882,NY,EPO,CL0687,1,1,2025-04-25,UserB,3
L009038,P100891,MA,PPO,CL0349,3,2,2025-05-21,UserC,5
L009050,P100892,CT,PPO,CL0674,4,4,2025-04-29,UserB,5
L009057,P100893,PA,EPO,CL0706,1,4,2025-07-23,System,3
L009111,P100898,CA,POS,CL0602,2,4,2025-10-06,UserC,1
L009159,P100902,PA,POS,CL0983,3,2,2025-06-26,UserC,1
L009223,P100908,NJ,PPO,CL0689,1,5,2025-03-21,UserB,1
L009302,P100915,PA,PPO,CL0006,1,3,2025-03-30,UserA,5
L009337,P100919,PA,HMO,CL0634,1,2,2025-11-19,UserB,5
L009365,P100921,OH,EPO,CL0050,3,1,2025-07-05,System,2
L009438,P100929,TX,HMO,CL0670,4,1,2025-11-23,UserC,4
L009463,P100931,NJ,POS,CL0513,2,5,2025-07-27,System,3
L009641,P100947,CA,PPO,CL0422,2,3,2025-01-23,UserB,2
L009731,P100958,MA,POS,CL0457,2,3,2025-05-08,UserA,1
L009748,P100959,CA,HMO,CL0386,3,2,2025-03-14,System,5
L009779,P100962,PA,HMO,CL0371,1,1,2025-08-27,UserB,2
L009799,P100963,TX,EPO,CL0950,4,4,2025-08-16,UserA,5
L009970,P100983,NJ,POS,CL0513,2,5,2025-09-08,UserC,3
L010006,P100986,OH,EPO,CL0050,4,5,2025-09-25,UserC,2
L010118,P100999,IL,EPO,CL0714,1,2,2025-08-01,UserB,1
L010149,P101001,FL,PPO,CL0796,1,1,2025-03-27,UserB,4
L010162,P101002,MA,HMO,CL0842,1,3,2025-11-16,UserB,5
L010215,P101008,OH,HMO,CL0663,1,2,2025-08-26,UserB,4
L010246,P101011,IL,HMO,CL0329,3,1,2025-09-28,System,5
L010281,P101015,IL,PPO,CL0068,3,2,2025-09-01,UserA,1
L010290,P101015,IL,PPO,CL0666,3,1,2025-12-08,UserA,4
L010310,P101018,CT,HMO,CL0758,2,4,2025-03-01,UserC,3
L010443,P101031,PA,HMO,CL0770,3,1,2025-02-01,System,3
L010451,P101032,IL,POS,CL0064,1,2,2025-03-21,UserB,1
L010457,P101032,IL,POS,CL0593,1,1,2025-07-22,UserC,2
L010470,P101033,PA,PPO,CL0182,2,2,2025-02-06,System,4
L010603,P101046,NY,HMO,CL0264,4,3,2025-05-31,UserC,1
L010720,P101059,FL,EPO,CL0067,3,4,2025-10-25,System,2
L010824,P101068,CT,POS,CL0805,4,1,2025-05-30,System,2
L011105,P101097,CT,EPO,CL0547,1,2,2025-11-29,System,4
L011140,P101101,NJ,PPO,CL0023,5,2,2025-09-24,UserB,5
L011170,P101104,NJ,HMO,CL0446,5,2,2025-05-24,UserB,4
L011203,P101107,TX,POS,CL0308,5,5,2025-04-24,UserA,4
L011293,P101117,TX,HMO,CL0188,1,1,2025-05-31,UserA,5
L011327,P101120,IL,PPO,CL0340,4,2,2025-05-13,UserC,1
L011332,P101120,IL,PPO,CL0115,4,4,2025-06-03,UserB,3
L011553,P101144,NJ,POS,CL0469,1,2,2025-11-20,UserA,3
L011641,P101153,NJ,POS,CL0104,4,3,2025-04-30,UserC,5
L011687,P101157,PA,POS,CL0983,1,4,2025-04-22,UserB,1
L011692,P101158,PA,POS,CL0612,2,4,2025-11-13,UserB,1
L011730,P101161,NY,POS,CL0909,4,3,2025-11-14,UserA,2
L011740,P101162,PA,POS,CL0983,1,5,2025-06-03,UserB,1
L011778,P101166,CA,PPO,CL0671,4,2,2025-08-25,UserA,4
L011784,P101167,FL,HMO,CL0596,2,2,2025-08-19,UserC,3
L011857,P101173,NY,PPO,CL0067,4,2,2025-09-11,UserA,5
L011878,P101175,CT,HMO,CL0331,5,3,2025-05-14,UserC,2
L011977,P101185,OH,EPO,CL0435,4,1,2025-08-03,UserB,5
L012023,P101190,CA,EPO,CL0306,1,4,2025-10-08,System,1
L012048,P101194,MA,EPO,CL0661,3,4,2025-01-08,System,1
L012054,P101195,IL,HMO,CL0828,4,3,2025-09-27,UserB,4
L012062,P101195,IL,HMO,CL0696,4,2,2025-04-25,UserA,4
L012077,P101196,CA,POS,CL0340,1,5,2025-10-28,UserC,3
L012101,P101198,CT,PPO,CL0774,3,3,2025-09-16,UserA,1
L012139,P101203,TX,EPO,CL0898,1,2,2025-01-21,UserB,5
L012154,P101204,PA,HMO,CL0634,4,4,2025-03-17,System,5
L012236,P101211,NY,POS,CL0240,2,5,2025-10-28,UserC,1
L012273,P101214,TX,POS,CL0096,3,3,2025-08-08,UserC,5
L012304,P101216,CT,EPO,CL0377,1,5,2025-05-12,UserA,3
L012423,P101229,FL,EPO,CL0048,4,3,2025-01-12,UserB,1
L012719,P101257,IL,PPO,CL0384,3,1,2025-10-20,UserC,3
L012722,P101257,IL,PPO,CL0553,3,1,2025-06-15,UserC,3
L012765,P101261,IL,POS,CL0393,2,2,2025-12-20,UserB,1
L012800,P101265,TX,EPO,CL0898,5,2,2025-09-09,UserA,5
L012883,P101273,NJ,HMO,CL0304,4,5,2025-03-22,UserB,4
L013186,P101303,CA,HMO,CL0797,2,4,2025-11-12,UserC,1
L013273,P101312,TX,EPO,CL0311,3,5,2025-10-20,UserC,4
L013701,P101353,IL,HMO,CL0681,2,1,2025-01-08,UserC,5
L013727,P101355,IL,HMO,CL0157,4,2,2025-11-20,UserA,5
L013754,P101359,CT,HMO,CL0758,1,5,2025-02-22,UserB,3
L013857,P101368,CT,HMO,CL0508,5,2,2025-05-24,System,1
L014010,P101383,IL,PPO,CL0649,3,4,2025-04-13,UserB,3
L014183,P101400,FL,PPO,CL0048,1,3,2025-04-21,UserA,4
L014320,P101413,NJ,PPO,CL0327,2,2,2025-03-18,UserB,3
L014458,P101425,PA,PPO,CL0716,1,4,2025-04-30,System,5
L014473,P101427,IL,PPO,CL0296,5,4,2025-02-04,System,3
L014514,P101430,IL,EPO,CL0683,4,4,2025-04-05,UserB,3
L014528,P101431,NJ,HMO,CL0069,5,3,2025-06-04,System,5
L014532,P101432,IL,POS,CL0914,4,3,2025-11-02,UserA,5
L014564,P101434,OH,EPO,CL0841,5,2,2025-01-23,System,3
L014575,P101435,IL,HMO,CL0157,3,4,2025-11-17,System,5
L014609,P101438,PA,PPO,CL0716,5,2,2025-09-02,UserB,5
L014777,P101455,FL,PPO,CL0796,1,5,2025-01-28,UserB,4
L014796,P101457,NY,POS,CL0872,3,3,2025-09-15,UserB,2
L015003,P101478,OH,PPO,CL0282,5,1,2025-11-16,UserB,2
L015159,P101493,CA,POS,CL0625,5,4,2025-10-14,UserA,3
L015188,P101495,TX,EPO,CL0206,1,1,2025-04-21,UserA,5
L015204,P101497,IL,HMO,CL0378,3,2,2025-07-24,UserC,4
L015458,P101523,NJ,EPO,CL0519,3,1,2025-05-14,UserB,2
L015792,P101553,NY,POS,CL0937,3,2,2025-05-29,UserC,4
L015898,P101563,FL,POS,CL0355,5,2,2025-01-22,UserB,5
L015930,P101566,TX,EPO,CL0743,3,1,2025-09-28,UserC,4
L015959,P101568,PA,HMO,CL0416,4,1,2025-05-12,UserA,4
L015983,P101571,NJ,EPO,CL0441,5,2,2025-10-03,UserC,5
L016011,P101573,IL,EPO,CL0531,3,4,2025-04-21,UserC,3
L016019,P101574,TX,HMO,CL0125,1,1,2025-11-03,UserB,4
L016029,P101575,CT,HMO,CL0043,3,3,2025-05-13,UserC,5
L016053,P101577,MA,HMO,CL0842,4,1,2025-03-10,UserC,5
L016054,P101577,MA,HMO,CL0123,4,4,2025-01-30,UserA,1
L016076,P101579,CA,POS,CL0398,3,1,2025-02-14,UserB,3
L016254,P101597,IL,PPO,CL0384,4,2,2025-11-05,UserA,3
L016280,P101600,NJ,POS,CL0023,2,2,2025-01-10,System,5
L016436,P101614,CT,PPO,CL0680,5,5,2025-01-02,System,1
L016444,P101615,CT,PPO,CL0742,2,4,2025-06-13,System,5
L016593,P101631,CT,POS,CL0458,5,3,2025-06-10,UserA,2
L016595,P101631,CT,POS,CL0848,5,3,2025-01-25,System,5
L016739,P101645,TX,EPO,CL0743,4,1,2025-06-30,UserB,4
L016763,P101647,MA,EPO,CL0983,5,3,2025-09-14,System,2
L016801,P101652,NJ,HMO,CL0087,3,3,2025-12-03,UserA,5
L016825,P101655,NY,EPO,CL0852,1,5,2025-04-18,UserC,1
L016938,P101666,PA,HMO,CL0770,1,1,2025-06-10,System,3
L016947,P101667,TX,POS,CL0202,5,1,2025-04-08,System,2
L017043,P101676,IL,EPO,CL0557,2,1,2025-06-08,UserA,5
L017046,P101677,NJ,HMO,CL0760,4,5,2025-11-28,UserA,3
L017117,P101683,TX,HMO,CL0333,3,4,2025-05-13,System,1
L017175,P101690,MA,PPO,CL0539,4,2,2025-01-15,UserA,3
L017491,P101724,TX,HMO,CL0125,2,5,2025-01-04,UserA,4
L017544,P101729,CA,EPO,CL0243,4,4,2025-05-27,System,5
L017598,P101734,NY,POS,CL0872,3,4,2025-04-25,System,2
L017618,P101736,CA,HMO,CL0283,5,5,2025-12-23,UserA,1
L017662,P101739,IL,EPO,CL0946,5,5,2025-05-01,System,2
L017692,P101743,PA,POS,CL0152,2,3,2025-04-29,UserC,5
L017772,P101751,CA,EPO,CL0272,2,1,2025-05-23,UserA,2
L017843,P101758,FL,POS,CL0285,3,5,2025-06-15,UserB,1
L017875,P101761,CA,EPO,CL0973,5,5,2025-06-22,UserC,2
L017936,P101766,PA,POS,CL0899,4,4,2025-02-10,System,5
L017944,P101767,CT,HMO,CL0508,2,4,2025-06-28,UserB,1
L018022,P101775,IL,EPO,CL0164,3,2,2025-08-04,UserB,1
L018054,P101778,OH,PPO,CL0924,1,1,2025-05-30,System,5
L018135,P101786,CT,EPO,CL0201,5,5,2025-02-20,UserA,3
L018183,P101791,PA,EPO,CL0863,3,1,2025-11-21,UserA,2
L018230,P101795,IL,PPO,CL0666,3,2,2025-01-21,UserB,4
L018251,P101797,IL,POS,CL0593,4,1,2025-07-18,System,2
L018288,P101800,NY,PPO,CL0641,5,2,2025-04-20,UserB,4
L018325,P101805,MA,HMO,CL0483,3,2,2025-06-08,UserA,4
L018345,P101807,OH,PPO,CL0907,1,2,2025-04-30,System,1
L018368,P101809,FL,HMO,CL0334,1,2,2025-03-17,UserC,5
L018502,P101822,OH,PPO,CL0924,3,1,2025-12-09,System,5
L018524,P101825,NY,EPO,CL0464,3,2,2025-08-03,UserB,4
L018630,P101835,CT,PPO,CL0514,5,2,2025-10-19,System,1
L018649,P101837,PA,HMO,CL0140,5,5,2025-10-30,UserA,3
L018655,P101838,PA,PPO,CL0474,2,5,2025-11-24,System,4
L018671,P101839,IL,PPO,CL0270,1,1,2025-11-06,UserB,2
L018746,P101846,IL,EPO,CL0770,4,2,2025-03-09,UserC,3
L018780,P101848,IL,POS,CL0975,3,3,2025-11-10,System,1
L018788,P101849,PA,POS,CL0983,5,5,2025-01-13,System,1
L018842,P101855,CA,EPO,CL0090,2,1,2025-07-10,UserB,3
L018894,P101860,IL,EPO,CL0908,5,1,2025-06-17,UserA,4
L018912,P101861,TX,EPO,CL0909,4,4,2025-04-22,UserC,2
L018944,P101864,FL,HMO,CL0236,4,4,2025-10-29,UserB,3
L018979,P101867,IL,HMO,CL0249,5,1,2025-04-30,UserB,3
L019103,P101879,CA,PPO,CL0671,5,1,2025-10-06,UserA,4
L019166,P101886,NJ,EPO,CL0697,5,4,2025-07-23,System,1
L019168,P101886,NJ,EPO,CL0471,5,4,2025-03-07,UserB,1
L019240,P101894,IL,POS,CL0034,5,1,2025-07-24,UserC,4
L019281,P101899,TX,HMO,CL0554,1,4,2025-03-23,UserA,1
L019403,P101910,PA,HMO,CL0966,4,2,2025-12-24,System,5
L019429,P101913,NY,HMO,CL0170,4,4,2025-04-03,System,5
L019452,P101915,PA,PPO,CL0994,2,5,2025-09-25,System,3
L019546,P101925,OH,EPO,CL0563,2,5,2025-11-27,UserB,1
L019554,P101925,OH,EPO,CL0473,2,4,2025-01-23,System,5
L019654,P101936,MA,EPO,CL0755,2,1,2025-08-30,System,2
L019671,P101938,MA,POS,CL0274,5,1,2025-01-06,UserB,3
L019822,P101952,IL,HMO,CL0476,5,1,2025-12-29,UserC,2
L019834,P101954,FL,HMO,CL0913,4,5,2025-01-06,UserA,1
L019959,P101966,NJ,EPO,CL0372,4,2,2025-04-01,UserA,1
L020050,P101976,TX,POS,CL0542,3,4,2025-12-24,UserB,5
L020109,P101981,NY,POS,CL0257,3,5,2025-04-21,UserB,1
L020172,P101986,CA,HMO,CL0497,4,1,2025-02-06,UserA,2
L020412,P102010,CA,EPO,CL0090,2,1,2025-03-10,UserA,3
L020416,P102010,CA,EPO,CL0272,2,4,2025-11-05,UserA,2
L020417,P102011,OH,HMO,CL0659,2,2,2025-04-01,UserB,3
L020429,P102012,TX,POS,CL0612,5,1,2025-08-13,UserA,2
L020501,P102019,IL,EPO,CL0164,5,5,2025-02-27,UserB,1
L020559,P102024,TX,EPO,CL0842,1,1,2025-11-28,UserB,4
L020651,P102032,FL,EPO,CL0499,4,3,2025-01-30,UserC,4
L020745,P102043,CA,POS,CL0625,4,4,2025-09-24,UserA,3
L020908,P102058,TX,HMO,CL0554,4,4,2025-06-08,UserB,1
L020919,P102059,CT,PPO,CL0412,2,2,2025-09-05,UserA,4
L020940,P102061,MA,HMO,CL0507,5,3,2025-09-10,UserA,2
L020944,P102061,MA,HMO,CL0913,5,2,2025-07-13,UserC,1
L021072,P102074,MA,HMO,CL0387,2,4,2025-08-07,UserB,1
L021141,P102082,CA,EPO,CL0909,3,5,2025-09-27,UserB,4
L021257,P102093,IL,EPO,CL0908,5,1,2025-04-09,System,4
L021392,P102107,PA,POS,CL0152,3,2,2025-06-07,System,5
L021420,P102110,CT,POS,CL0187,5,2,2025-12-22,UserA,5
L021455,P102113,NY,POS,CL0750,3,5,2025-08-10,UserC,4
L021473,P102115,FL,HMO,CL0334,3,3,2025-06-10,UserA,5
L021582,P102127,NY,POS,CL0331,3,3,2025-09-22,System,4
L021586,P102127,NY,POS,CL0747,3,2,2025-12-24,UserC,5
L021600,P102128,MA,EPO,CL0983,3,1,2025-07-02,UserA,2
L021646,P102133,IL,HMO,CL0347,1,2,2025-12-02,UserC,1
L021683,P102137,CT,POS,CL0624,3,1,2025-05-26,UserA,4
L021746,P102142,IL,HMO,CL0157,4,4,2025-08-20,System,5
L021883,P102155,CA,POS,CL0793,3,5,2025-07-10,UserA,4
L021929,P102161,NJ,POS,CL0513,1,1,2025-09-11,UserB,3
L022023,P102169,TX,POS,CL0542,1,2,2025-11-01,UserA,5
L022031,P102169,TX,POS,CL0623,1,5,2025-09-29,UserA,2
L022146,P102180,TX,HMO,CL0653,1,1,2025-06-02,System,5
L022168,P102182,CT,PPO,CL0774,5,5,2025-11-05,UserA,1
L022192,P102185,MA,HMO,CL0724,5,1,2025-02-15,UserB,4
L022248,P102190,NY,EPO,CL0311,2,2,2025-11-29,UserC,3
L022252,P102190,NY,EPO,CL0710,2,3,2025-08-01,UserA,2
L022428,P102207,TX,HMO,CL0317,5,5,2025-04-30,UserB,2
L022614,P102226,TX,HMO,CL0554,5,5,2025-05-05,UserA,1
L022770,P102242,IL,EPO,CL0946,4,1,2025-10-15,UserB,2
L022771,P102242,IL,EPO,CL0557,4,3,2025-04-24,System,5
L022785,P102244,FL,POS,CL0762,4,4,2025-10-23,UserA,3
L022946,P102260,CT,EPO,CL0803,2,2,2025-01-26,UserC,5
L023044,P102270,FL,HMO,CL0302,5,1,2025-05-31,UserB,4
L023100,P102275,FL,PPO,CL0048,1,5,2025-08-06,UserC,4
L023151,P102280,MA,EPO,CL0661,5,3,2025-10-30,System,1
L023173,P102282,FL,EPO,CL0856,3,2,2025-11-22,UserC,3
L023191,P102284,MA,HMO,CL0913,3,5,2025-02-07,UserB,1
L023242,P102289,NJ,POS,CL0294,2,4,2025-03-27,UserB,1
L023375,P102302,NY,PPO,CL0437,4,3,2025-09-02,UserB,2
L023577,P102322,OH,POS,CL0391,3,2,2025-09-07,UserB,3
L023740,P102342,OH,HMO,CL0382,3,1,2025-08-21,UserA,3
L023850,P102352,TX,POS,CL0623,5,3,2025-06-01,UserA,2
L023939,P102360,PA,PPO,CL0006,3,1,2025-04-21,UserA,5
L023942,P102361,MA,POS,CL0786,4,1,2025-07-16,System,3
L024008,P102366,CA,POS,CL0340,1,4,2025-08-28,System,3
L024061,P102371,CA,HMO,CL0926,3,5,2025-12-01,System,2
L024111,P102376,PA,PPO,CL0006,4,3,2025-07-10,System,5
L024123,P102378,OH,HMO,CL0659,3,4,2025-09-09,UserB,3
L024400,P102406,NY,HMO,CL0264,3,3,2025-11-20,UserA,1
L024497,P102415,PA,POS,CL0876,4,1,2025-10-03,UserB,5
L024504,P102416,OH,HMO,CL0382,4,1,2025-10-10,System,3
L024528,P102418,MA,PPO,CL0190,5,5,2025-06-04,UserC,2
L024540,P102420,OH,PPO,CL0282,4,5,2025-05-08,UserB,2
L024570,P102423,NJ,HMO,CL0069,3,3,2025-05-26,System,5
L024750,P102442,FL,POS,CL0372,2,4,2025-11-07,UserA,1
L024811,P102448,FL,PPO,CL0433,4,5,2025-12-15,System,2
L024903,P102458,OH,HMO,CL0382,5,2,2025-02-01,System,3
L024943,P102462,NJ,HMO,CL0040,3,1,2025-08-18,System,2
L024961,P102464,TX,HMO,CL0125,4,5,2025-12-15,System,4
L025078,P102474,CT,EPO,CL0803,4,4,2025-10-09,UserC,5
L025125,P102478,CA,POS,CL0878,3,3,2025-03-14,UserA,4
L025179,P102483,IL,EPO,CL0531,1,4,2025-10-20,UserA,3
L025191,P102485,OH,POS,CL0366,1,2,2025-01-19,System,3
L025366,P102503,PA,POS,CL0876,3,2,2025-11-07,System,5
L025381,P102505,PA,POS,CL0612,5,4,2025-11-05,UserA,1
L025407,P102507,CA,POS,CL0793,3,1,2025-06-19,System,4
L025410,P102507,CA,POS,CL0429,3,1,2025-06-19,UserB,2
L025420,P102508,OH,EPO,CL0435,1,4,2025-03-19,UserA,5
L025471,P102513,NJ,PPO,CL0306,5,1,2025-09-17,UserA,5
L025476,P102514,CT,HMO,CL0758,3,1,2025-03-27,UserB,3
L025491,P102515,FL,EPO,CL0499,5,3,2025-08-12,UserB,4
L025631,P102529,CA,PPO,CL0422,5,3,2025-07-15,UserB,2
L025725,P102539,IL,HMO,CL0249,5,2,2025-12-15,UserC,3
L025737,P102541,FL,PPO,CL0990,1,4,2025-10-24,UserC,2
L025845,P102551,CA,POS,CL0340,3,1,2025-04-08,UserC,3
L025886,P102555,FL,EPO,CL0499,3,5,2025-10-21,UserC,4
L025887,P102555,FL,EPO,CL0856,3,5,2025-02-04,System,3
L026015,P102572,CT,HMO,CL0528,2,5,2025-05-30,System,2
L026043,P102574,NJ,HMO,CL0069,4,2,2025-11-20,System,5
L026059,P102576,PA,EPO,CL0879,5,5,2025-08-09,UserC,3
L026096,P102579,CT,EPO,CL0859,5,4,2025-02-04,System,3
L026216,P102592,OH,PPO,CL0396,3,2,2025-04-10,UserA,1
L026403,P102612,NJ,HMO,CL0274,4,5,2025-01-17,UserA,4
L026489,P102621,CT,HMO,CL0618,4,2,2025-12-20,UserC,5
L026607,P102635,FL,POS,CL0762,4,1,2025-03-18,UserC,3
L026863,P102660,FL,PPO,CL0433,4,3,2025-07-28,UserC,2
L026936,P102667,IL,POS,CL0975,3,4,2025-04-05,UserA,1
L027008,P102674,TX,POS,CL0210,5,4,2025-02-01,UserA,1
L027027,P102676,NJ,HMO,CL0040,3,1,2025-03-31,UserB,2
L027109,P102684,PA,PPO,CL0716,5,2,2025-01-23,UserC,5
L027180,P102691,TX,EPO,CL0311,1,2,2025-03-21,UserA,4
L027231,P102696,NY,PPO,CL0067,5,3,2025-06-15,UserA,5
L027432,P102717,NJ,PPO,CL0327,2,4,2025-05-02,UserB,3
L027488,P102722,FL,HMO,CL0596,3,4,2025-01-22,UserC,3
L027506,P102723,NY,POS,CL0750,2,3,2025-11-23,UserC,4
L027517,P102724,CA,POS,CL0602,5,5,2025-05-29,UserB,1
L027580,P102730,CT,POS,CL0707,3,2,2025-10-06,UserB,4
L027756,P102746,MA,PPO,CL0190,4,4,2025-05-11,System,2
L027808,P102752,TX,POS,CL0533,3,3,2025-09-17,UserB,2
L027887,P102759,TX,EPO,CL0837,5,4,2025-10-10,System,3
L027985,P102768,PA,HMO,CL0140,3,2,2025-01-13,UserB,3
L028145,P102786,FL,PPO,CL0673,4,5,2025-02-21,UserC,2
L028150,P102786,FL,PPO,CL0990,4,1,2025-03-26,UserA,2
L028261,P102796,TX,POS,CL0950,1,5,2025-05-03,UserB,3
L028313,P102801,NJ,EPO,CL0471,5,3,2025-04-13,System,1
L028425,P102810,NJ,HMO,CL0050,4,1,2025-01-26,UserC,4
L028449,P102812,FL,HMO,CL0573,1,4,2025-11-13,UserC,2
L028489,P102816,FL,EPO,CL0912,4,1,2025-05-16,UserA,4
L028711,P102837,NJ,PPO,CL0045,3,5,2025-05-18,UserA,4
L028736,P102839,PA,PPO,CL0716,3,3,2025-10-25,System,5
L028805,P102846,PA,HMO,CL0922,4,2,2025-10-30,System,5
L028964,P102861,OH,HMO,CL0663,3,1,2025-02-22,System,4
L028991,P102864,FL,EPO,CL0499,2,2,2025-07-02,UserB,4
L029176,P102882,IL,HMO,CL0378,3,1,2025-01-12,UserB,4
L029188,P102883,CT,HMO,CL0902,5,5,2025-06-21,UserA,4
L029229,P102886,CA,POS,CL0602,3,4,2025-04-30,UserB,1
L029467,P102908,CT,POS,CL0085,1,3,2025-05-21,UserA,4
L029509,P102913,TX,HMO,CL0442,5,4,2025-05-13,System,3
L029542,P102916,CT,PPO,CL0774,1,2,2025-07-17,UserC,1
L029564,P102919,IL,POS,CL0064,4,3,2025-03-31,UserA,1
L029712,P102932,TX,EPO,CL0743,5,2,2025-03-24,UserB,4
L029778,P102938,FL,PPO,CL0796,4,1,2025-12-02,UserC,4
L029872,P102947,TX,POS,CL0308,2,5,2025-09-18,System,4
L029873,P102947,TX,POS,CL0213,2,5,2025-04-11,UserB,3
L029991,P102960,FL,EPO,CL0291,5,2,2025-07-28,UserC,4
L030085,P102968,NY,POS,CL0257,1,3,2025-03-24,UserB,1
L030193,P102978,IL,PPO,CL0384,1,2,2025-12-29,System,3
L030256,P102986,NJ,PPO,CL0689,2,5,2025-07-29,UserC,1
L030318,P102993,TX,EPO,CL0837,1,2,2025-05-04,UserC,3
L030486,P103009,IL,EPO,CL0770,4,1,2025-03-13,UserA,3
L030521,P103012,OH,PPO,CL0905,3,4,2025-01-23,UserA,1
L030572,P103017,TX,POS,CL0332,3,2,2025-12-28,UserC,5
L030674,P103027,FL,PPO,CL0990,2,4,2025-06-10,UserA,2
L030723,P103031,PA,PPO,CL0994,2,1,2025-12-17,UserA,3
L030857,P103044,FL,PPO,CL0050,4,1,2025-02-18,UserB,2
L030870,P103045,NY,PPO,CL0891,1,5,2025-03-04,UserB,3
L030920,P103050,MA,PPO,CL0073,1,3,2025-02-16,System,5
L030970,P103056,NJ,HMO,CL0990,2,3,2025-09-19,UserC,1
L031009,P103061,NJ,HMO,CL0760,1,1,2025-05-28,UserC,3
L031036,P103063,CA,EPO,CL0918,2,2,2025-11-20,System,3
L031214,P103083,PA,PPO,CL0474,4,3,2025-01-20,UserA,4
L031272,P103088,PA,POS,CL0983,2,5,2025-02-18,UserA,1
L031520,P103111,FL,HMO,CL0576,4,4,2025-12-04,UserB,3
L031522,P103112,CA,PPO,CL0774,2,1,2025-12-10,UserC,2
L031772,P103137,MA,HMO,CL0247,1,5,2025-06-07,System,1
L031884,P103147,TX,EPO,CL0206,2,2,2025-11-17,System,5
L031922,P103152,FL,EPO,CL0048,4,5,2025-03-14,UserA,1
L031971,P103157,CT,EPO,CL0970,1,2,2025-01-04,UserB,4
L032048,P103165,IL,EPO,CL0325,5,4,2025-09-22,System,1
L032061,P103166,FL,EPO,CL0993,5,4,2025-06-07,System,2
L032069,P103168,CT,HMO,CL0758,5,1,2025-02-19,UserA,3
L032078,P103168,CT,HMO,CL0248,5,4,2025-10-05,UserB,5
L032174,P103177,TX,HMO,CL0156,2,4,2025-04-16,System,5
L032209,P103180,CA,HMO,CL0497,1,1,2025-10-31,UserA,2
L032224,P103182,CA,EPO,CL0306,1,2,2025-08-04,System,1
L032261,P103186,NY,POS,CL0240,1,3,2025-07-11,UserB,1
L032265,P103186,NY,POS,CL0750,1,5,2025-08-28,System,4
L032297,P103189,NJ,PPO,CL0045,1,5,2025-03-05,UserC,4
L032317,P103191,IL,HMO,CL0155,5,2,2025-06-16,UserA,4
L032409,P103201,NJ,PPO,CL0689,4,2,2025-07-10,System,1
L032463,P103206,CT,HMO,CL0528,1,5,2025-01-17,System,2
L032466,P103206,CT,HMO,CL0709,1,1,2025-03-11,UserA,4
L032490,P103209,FL,HMO,CL0913,5,4,2025-03-17,UserA,1
L032565,P103217,TX,POS,CL0096,4,4,2025-07-17,UserC,5
L032624,P103222,NJ,POS,CL0002,5,2,2025-04-07,UserC,4
L032660,P103226,NJ,HMO,CL0087,5,1,2025-12-01,UserC,5
L032691,P103229,FL,HMO,CL0236,4,1,2025-06-20,UserC,3
L032709,P103231,TX,HMO,CL0670,3,3,2025-11-11,UserC,4
L032712,P103231,TX,HMO,CL0188,3,3,2025-09-21,UserB,5
L032740,P103234,CA,HMO,CL0349,4,3,2025-12-21,UserA,2
L032854,P103246,CA,POS,CL0398,4,1,2025-01-30,UserB,3
L032917,P103251,CT,POS,CL0805,1,1,2025-07-17,UserB,2
L033034,P103263,TX,EPO,CL0311,5,5,2025-10-09,UserA,4
L033037,P103263,TX,EPO,CL0909,5,5,2025-02-20,UserC,2
L033060,P103266,MA,HMO,CL0803,3,2,2025-04-24,System,3
L033193,P103278,TX,PPO,CL0690,2,4,2025-02-08,System,2
L033220,P103281,TX,POS,CL0096,5,1,2025-01-09,UserC,5
L033243,P103283,NY,POS,CL0937,4,5,2025-08-25,UserA,4
L033473,P103306,NJ,PPO,CL0155,4,3,2025-03-21,UserB,4
L033488,P103307,IL,PPO,CL0393,3,3,2025-07-01,UserC,2
L033553,P103314,CT,HMO,CL0758,1,4,2025-08-11,UserB,3
L033591,P103317,NJ,PPO,CL0155,2,3,2025-08-18,UserB,4
L033695,P103327,OH,HMO,CL0234,2,4,2025-02-02,System,3
L033835,P103342,PA,HMO,CL0455,2,2,2025-08-28,UserC,5
L033851,P103343,OH,PPO,CL0924,5,1,2025-10-15,System,5
L033906,P103348,IL,POS,CL0393,2,2,2025-12-09,System,1
L033926,P103350,NY,PPO,CL0437,1,3,2025-06-16,UserC,2
L033982,P103355,NY,POS,CL0163,4,1,2025-06-27,UserC,5
L034043,P103360,IL,EPO,CL0946,3,5,2025-02-16,UserA,2
L034098,P103365,CT,HMO,CL0631,1,4,2025-06-22,UserA,1
L034201,P103375,NJ,EPO,CL0638,5,2,2025-11-09,UserC,5
L034284,P103383,PA,PPO,CL0943,4,3,2025-04-04,UserA,5
L034340,P103387,CA,POS,CL0904,1,2,2025-03-13,UserA,5
L034414,P103396,NY,POS,CL0937,1,5,2025-05-16,UserC,4
L034451,P103401,NJ,HMO,CL0388,2,3,2025-11-25,UserB,5
L034457,P103401,NJ,HMO,CL0087,2,3,2025-01-27,UserB,5
L034517,P103407,MA,HMO,CL0507,5,3,2025-01-07,UserC,2
L034627,P103417,CT,HMO,CL0631,4,3,2025-03-18,UserA,1
L034668,P103422,OH,HMO,CL0663,4,5,2025-08-01,UserC,4
L034675,P103423,IL,PPO,CL0069,3,1,2025-05-12,UserA,3
L034686,P103423,IL,PPO,CL0115,3,5,2025-08-09,UserB,3
L034700,P103425,PA,EPO,CL0290,5,3,2025-08-19,System,5
L034809,P103435,IL,PPO,CL0553,5,1,2025-06-17,UserC,3
L034872,P103441,IL,HMO,CL0155,5,5,2025-11-01,UserA,4
L035032,P103457,MA,POS,CL0310,1,5,2025-03-31,UserC,3
L035091,P103462,PA,POS,CL0899,4,1,2025-09-22,UserA,5
L035103,P103464,MA,POS,CL0457,2,3,2025-07-24,UserA,1
L035110,P103464,MA,POS,CL0612,2,2,2025-08-20,UserC,5
L035143,P103467,IL,HMO,CL0347,3,3,2025-09-26,System,1
L035192,P103472,IL,HMO,CL0476,2,4,2025-04-04,System,2
L035204,P103473,OH,PPO,CL0726,5,2,2025-12-01,UserA,5
L035344,P103489,NY,PPO,CL0654,2,4,2025-01-13,UserC,3
L035362,P103490,OH,EPO,CL0898,4,2,2025-08-28,UserC,5
L035365,P103490,OH,EPO,CL0841,4,4,2025-01-14,UserB,3
L035426,P103496,IL,POS,CL0914,3,1,2025-07-30,UserA,5
L035443,P103497,FL,HMO,CL0158,3,4,2025-03-30,System,2
L035444,P103497,FL,HMO,CL0302,3,3,2025-12-10,UserB,4
L035551,P103508,CA,HMO,CL0051,5,4,2025-07-10,UserA,5
L035554,P103508,CA,HMO,CL0437,5,3,2025-09-19,UserA,2
L035567,P103509,NY,EPO,CL0133,1,4,2025-01-19,UserB,2
L035590,P103512,CA,EPO,CL0175,1,3,2025-08-08,System,2
L035606,P103513,FL,PPO,CL0598,4,3,2025-04-25,UserC,5
L035645,P103516,NY,POS,CL0982,5,4,2025-01-04,UserA,5
L035736,P103525,IL,PPO,CL0078,4,4,2025-04-28,UserC,2
L035806,P103532,NY,PPO,CL0437,1,5,2025-05-04,System,2
L036040,P103557,OH,HMO,CL0954,5,3,2025-09-04,UserA,2
L036111,P103566,TX,EPO,CL0490,2,1,2025-08-18,System,5
L036127,P103568,CA,HMO,CL0797,2,4,2025-05-22,UserC,1
L036264,P103581,IL,PPO,CL0296,5,5,2025-09-01,UserA,3
L036374,P103593,CT,POS,CL0187,3,3,2025-01-06,UserA,5
L036380,P103593,CT,POS,CL0805,3,1,2025-05-18,System,2
L036452,P103602,CT,HMO,CL0758,1,4,2025-11-13,UserA,3
L036537,P103610,IL,PPO,CL0340,4,5,2025-05-14,UserB,1
L036704,P103626,NJ,EPO,CL0964,2,1,2025-05-04,UserA,2
L036829,P103640,MA,EPO,CL0661,1,4,2025-07-07,UserA,1
L036876,P103645,IL,HMO,CL0828,5,2,2025-07-25,UserB,4
L036895,P103647,OH,HMO,CL0382,2,5,2025-03-26,UserA,3
L036955,P103653,FL,EPO,CL0499,1,2,2025-03-16,UserA,4
L036957,P103653,FL,EPO,CL0993,1,4,2025-03-28,UserB,2
L036984,P103657,FL,PPO,CL0673,3,5,2025-10-27,UserA,2
L037005,P103659,MA,EPO,CL0661,3,2,2025-04-01,UserB,1
L037055,P103664,TX,EPO,CL0311,2,5,2025-09-20,UserC,4
L037099,P103669,PA,HMO,CL0455,5,1,2025-01-01,UserA,5
L037126,P103671,IL,PPO,CL0908,1,2,2025-10-16,UserC,5
L037158,P103674,CA,POS,CL0453,1,2,2025-02-25,UserA,4
L037172,P103675,CA,HMO,CL0349,1,3,2025-08-09,UserB,2
L037181,P103675,CA,HMO,CL0290,1,5,2025-09-03,UserC,4
L037184,P103676,PA,PPO,CL0563,2,2,2025-07-26,UserA,5
L037376,P103694,TX,PPO,CL0690,4,1,2025-09-09,System,2
L037480,P103703,TX,POS,CL0202,1,4,2025-04-24,System,2
L037485,P103703,TX,POS,CL0332,1,1,2025-05-21,UserA,5
L037550,P103712,OH,EPO,CL0435,1,3,2025-03-14,UserB,5
L037562,P103713,OH,PPO,CL0905,2,4,2025-11-03,UserC,1
L037812,P103736,FL,PPO,CL0912,4,1,2025-11-17,UserC,3
L037863,P103741,OH,EPO,CL0050,3,4,2025-08-16,UserA,2
L037882,P103743,IL,HMO,CL0681,4,1,2025-03-16,UserA,5
L037893,P103744,CT,POS,CL0458,5,5,2025-08-18,UserB,2
L038007,P103754,CT,PPO,CL0514,1,4,2025-06-09,UserB,1
L038041,P103757,CT,PPO,CL0514,2,3,2025-06-19,System,1
L038048,P103758,CT,POS,CL0187,3,3,2025-06-06,UserA,5
L038123,P103765,NJ,HMO,CL0069,4,4,2025-08-09,UserA,5
L038164,P103770,CT,PPO,CL0674,5,1,2025-02-27,System,5
L038196,P103773,MA,HMO,CL0387,5,5,2025-07-16,UserC,1
L038210,P103775,NJ,PPO,CL0045,2,3,2025-03-17,System,4
L038239,P103778,CT,HMO,CL0508,5,3,2025-03-19,UserC,1
L038246,P103779,CT,PPO,CL0942,3,1,2025-01-05,UserA,2
L038286,P103782,PA,HMO,CL0966,1,2,2025-11-20,UserC,5
L038378,P103790,IL,POS,CL0631,5,1,2025-10-14,UserA,5
L038517,P103803,TX,EPO,CL0950,5,3,2025-06-14,UserA,5
L038524,P103804,NJ,POS,CL0554,4,2,2025-03-12,System,1
L038622,P103813,CT,HMO,CL0881,2,4,2025-06-03,UserB,2
L038725,P103824,CT,POS,CL0707,1,3,2025-10-13,System,4
L038882,P103841,FL,POS,CL0355,3,2,2025-12-02,UserB,5
L039066,P103858,NY,PPO,CL0891,4,2,2025-11-24,UserB,3
L039180,P103868,IL,PPO,CL0666,4,5,2025-01-20,UserC,4
L039241,P103875,OH,POS,CL0122,1,4,2025-03-13,UserB,2
L039344,P103884,MA,EPO,CL0983,3,4,2025-03-22,UserC,2
L039352,P103885,NJ,POS,CL0002,1,3,2025-07-22,UserB,4
L039363,P103887,PA,HMO,CL0455,5,3,2025-11-10,UserC,5
L039445,P103895,CA,POS,CL0022,2,2,2025-03-11,UserB,3
L039581,P103907,NJ,EPO,CL0500,4,1,2025-05-13,System,4
L039634,P103912,NY,POS,CL0257,5,3,2025-03-05,UserB,1
L039683,P103916,MA,HMO,CL0507,4,3,2025-06-21,UserC,2
L039720,P103919,IL,PPO,CL0649,1,1,2025-09-17,UserA,3
L039883,P103933,NY,POS,CL0317,3,1,2025-01-31,UserA,2
L039952,P103939,IL,POS,CL0631,3,3,2025-10-14,System,5
L039996,P103944,IL,EPO,CL0325,3,5,2025-01-09,UserB,1
L040030,P103947,NY,POS,CL0747,2,2,2025-04-16,UserB,5
L040033,P103947,NY,POS,CL0872,2,4,2025-02-19,UserB,2
L040047,P103948,MA,HMO,CL0842,3,1,2025-02-17,UserC,5
L040140,P103958,NY,EPO,CL0877,3,1,2025-02-28,System,5
L040213,P103965,TX,HMO,CL0554,3,3,2025-11-07,UserB,1
L040239,P103968,CA,EPO,CL0973,5,3,2025-12-23,UserA,2
L040266,P103970,MA,POS,CL0475,5,1,2025-09-19,UserC,5
L040283,P103972,NJ,EPO,CL0441,4,4,2025-06-04,UserC,5
L040361,P103979,NJ,EPO,CL0964,2,4,2025-10-25,UserC,2
L040372,P103981,CT,EPO,CL0928,2,2,2025-08-16,System,1
L040399,P103983,CA,PPO,CL0869,1,2,2025-08-23,UserB,1
L040556,P103999,MA,POS,CL0725,5,5,2025-03-14,UserB,4
L040674,P104012,MA,POS,CL0660,1,4,2025-06-09,System,2
L040760,P104020,CA,HMO,CL0497,2,5,2025-06-10,System,2
L040918,P104035,CT,HMO,CL0709,4,1,2025-10-19,UserB,4
L041035,P104048,PA,HMO,CL0140,2,5,2025-04-13,UserA,3
L041227,P104068,TX,POS,CL0274,5,5,2025-04-06,UserC,4
L041258,P104071,NJ,POS,CL0453,4,5,2025-01-22,UserC,3
L041264,P104072,IL,PPO,CL0649,1,1,2025-05-20,UserA,3
L041269,P104072,IL,PPO,CL0078,1,4,2025-01-22,System,2
L041274,P104072,IL,PPO,CL0553,1,4,2025-09-23,System,3
L041466,P104090,CT,EPO,CL0201,1,2,2025-09-13,UserA,3
L041488,P104092,NJ,HMO,CL0274,2,1,2025-08-11,UserB,4
L041532,P104098,IL,EPO,CL0908,4,5,2025-05-04,System,4
L041563,P104102,CA,PPO,CL0036,4,2,2025-06-22,UserB,5
L041637,P104109,CT,HMO,CL0508,1,5,2025-01-05,UserA,1
L041792,P104125,FL,HMO,CL0576,1,2,2025-08-25,UserB,3
L041812,P104128,TX,POS,CL0533,1,5,2025-05-07,UserB,2
L041838,P104130,OH,HMO,CL0872,3,4,2025-11-05,UserB,3
L041916,P104137,PA,PPO,CL0139,4,1,2025-08-24,UserA,2
L041920,P104137,PA,PPO,CL0716,4,4,2025-01-07,UserC,5
L042051,P104149,FL,HMO,CL0158,1,3,2025-10-22,UserA,2
L042145,P104157,IL,POS,CL0393,4,5,2025-12-14,System,1
L042201,P104162,IL,HMO,CL0157,4,4,2025-05-04,UserA,5
L042267,P104169,NY,POS,CL0872,4,5,2025-09-01,UserB,2
L042299,P104172,CA,POS,CL0878,4,1,2025-01-12,UserA,4
L042333,P104175,MA,POS,CL0209,4,1,2025-06-27,UserA,3
L042418,P104184,NJ,HMO,CL0990,1,5,2025-11-26,UserA,1
L042552,P104199,MA,HMO,CL0123,5,5,2025-02-04,UserC,1
L042557,P104200,FL,PPO,CL0977,3,1,2025-01-14,System,3
L042641,P104207,MA,HMO,CL0387,1,3,2025-01-08,UserA,1
L042718,P104216,CT,HMO,CL0758,5,2,2025-10-24,UserC,3
L042779,P104222,OH,POS,CL0122,2,1,2025-07-14,UserB,2
L042794,P104223,PA,PPO,CL0348,5,2,2025-10-31,UserC,3
L042993,P104245,IL,EPO,CL0770,1,2,2025-01-29,UserC,3
L043158,P104262,FL,EPO,CL0856,1,1,2025-04-17,UserB,3
L043168,P104264,OH,EPO,CL0354,2,5,2025-03-29,UserB,4
L043311,P104278,CA,HMO,CL0051,3,1,2025-03-14,UserB,5
L043334,P104280,FL,HMO,CL0334,2,4,2025-09-15,UserC,5
L043345,P104281,FL,EPO,CL0499,4,3,2025-10-03,UserB,4
L043431,P104289,CT,EPO,CL0547,5,1,2025-04-29,UserA,4
L043433,P104290,CA,POS,CL0453,5,3,2025-11-02,UserB,4
L043560,P104302,PA,PPO,CL0841,4,5,2025-05-31,UserA,4
L043620,P104307,NY,POS,CL0937,2,1,2025-06-24,UserA,4
L043627,P104308,CT,EPO,CL0201,4,4,2025-05-14,UserB,3
L043875,P104335,MA,HMO,CL0724,5,3,2025-09-09,UserB,4
L043899,P104337,CT,PPO,CL0742,4,3,2025-02-27,UserC,5
L043944,P104341,IL,PPO,CL0666,4,3,2025-01-22,UserA,4
L043975,P104344,CA,HMO,CL0926,2,4,2025-12-13,System,2
L044097,P104356,CA,HMO,CL0386,3,3,2025-10-21,System,5
L044100,P104356,CA,HMO,CL0290,3,3,2025-10-03,System,4
L044125,P104358,CT,POS,CL0657,2,5,2025-09-05,System,3
L044185,P104364,CA,EPO,CL0175,5,4,2025-02-28,UserC,2
L044454,P104391,FL,EPO,CL0291,3,5,2025-10-07,UserC,4
L044456,P104391,FL,EPO,CL0856,3,5,2025-01-29,System,3
L044536,P104399,FL,POS,CL0285,3,3,2025-09-26,System,1
L044572,P104403,IL,POS,CL0010,4,1,2025-06-21,UserA,3
L044735,P104421,NJ,HMO,CL0760,4,2,2025-07-06,System,3
L044780,P104424,TX,POS,CL0210,4,2,2025-11-03,UserA,1
L044875,P104434,MA,PPO,CL0073,3,1,2025-03-18,System,5
L044893,P104436,PA,HMO,CL0699,2,5,2025-11-23,UserC,3
L044902,P104437,IL,HMO,CL0681,3,1,2025-02-08,UserA,5
L044917,P104438,FL,POS,CL0118,1,5,2025-05-14,UserA,3
L044971,P104444,FL,PPO,CL0796,1,1,2025-05-07,UserC,4
L045075,P104453,CA,POS,CL0340,5,1,2025-03-20,UserB,3
L045083,P104454,MA,EPO,CL0983,1,4,2025-01-07,System,2
L045236,P104471,CT,EPO,CL0979,5,4,2025-05-27,UserC,5
L045330,P104480,IL,POS,CL0064,5,3,2025-02-05,System,1
L045332,P104480,IL,POS,CL0914,5,1,2025-09-16,UserA,5
L045435,P104489,TX,HMO,CL0670,2,1,2025-03-05,UserA,4
L045498,P104494,OH,EPO,CL0026,5,5,2025-06-16,System,3
L045526,P104496,NY,PPO,CL0437,2,1,2025-04-16,UserA,2
L045574,P104501,IL,POS,CL0393,2,2,2025-11-08,UserA,1
L045681,P104512,CA,HMO,CL0437,4,4,2025-07-29,UserC,2
L045758,P104519,FL,PPO,CL0990,4,5,2025-03-01,UserB,2
L045787,P104521,CA,EPO,CL0918,1,4,2025-04-09,System,3
L045831,P104526,NJ,EPO,CL0697,1,2,2025-08-29,System,1
L045835,P104526,NJ,EPO,CL0926,1,3,2025-10-08,UserC,1
L045867,P104529,CA,EPO,CL0243,4,4,2025-01-04,UserC,5
L045926,P104535,CA,HMO,CL0407,1,5,2025-07-20,System,4
L045965,P104539,CT,EPO,CL0803,3,2,2025-03-21,UserC,5
L046118,P104554,MA,POS,CL0225,3,2,2025-03-18,System,4
L046127,P104555,CT,EPO,CL0426,2,2,2025-12-24,UserB,4
L046129,P104555,CT,EPO,CL0803,2,2,2025-02-20,UserC,5
L046291,P104571,CT,EPO,CL0635,2,2,2025-10-20,System,1
L046323,P104575,CA,POS,CL0793,5,3,2025-05-30,UserA,4
L046327,P104575,CA,POS,CL0995,5,5,2025-04-10,UserC,1
L046341,P104576,NY,POS,CL0750,5,5,2025-11-03,UserC,4
L046413,P104583,TX,HMO,CL0333,4,2,2025-01-16,UserC,1
L046565,P104597,IL,POS,CL0034,5,3,2025-09-16,UserC,4
L046599,P104601,NY,POS,CL0331,3,5,2025-09-12,UserC,4
L046665,P104606,FL,POS,CL0285,1,4,2025-02-23,System,1
L046701,P104610,OH,EPO,CL0026,1,5,2025-05-19,UserA,3
L046752,P104614,CT,POS,CL0848,2,3,2025-01-10,System,5
L046757,P104615,OH,HMO,CL0659,2,5,2025-05-03,UserC,3
L047052,P104643,NJ,HMO,CL0040,3,3,2025-03-24,System,2
L047072,P104645,CA,POS,CL0464,3,4,2025-10-29,System,2
L047074,P104645,CA,POS,CL0398,3,2,2025-04-23,UserC,3
L047099,P104648,TX,PPO,CL0690,4,1,2025-04-28,UserA,2
L047136,P104653,CA,HMO,CL0489,1,5,2025-02-07,System,2
L047179,P104658,MA,PPO,CL0539,1,2,2025-07-27,System,3
L047342,P104674,FL,HMO,CL0158,5,4,2025-06-09,UserC,2
L047349,P104675,FL,EPO,CL0912,2,1,2025-06-24,UserA,4
L047360,P104676,NY,POS,CL0909,1,1,2025-04-06,System,2
L047411,P104681,FL,POS,CL0372,1,3,2025-08-15,UserC,1
L047420,P104682,TX,PPO,CL0065,4,4,2025-11-30,UserA,2
L047477,P104687,FL,PPO,CL0598,3,1,2025-02-12,UserC,5
L047721,P104710,TX,EPO,CL0743,5,2,2025-07-06,UserB,4
L047777,P104715,CA,POS,CL0602,2,2,2025-09-22,System,1
L047842,P104721,IL,PPO,CL0270,2,3,2025-07-04,UserB,2
L047930,P104730,OH,HMO,CL0872,1,1,2025-01-20,UserB,3
L047963,P104734,PA,HMO,CL0455,4,4,2025-01-11,UserC,5
L047990,P104736,IL,POS,CL0593,4,1,2025-02-17,UserC,2
L048031,P104740,CT,POS,CL0848,2,2,2025-03-23,UserC,5
L048103,P104748,TX,EPO,CL0842,5,2,2025-03-04,System,4
L048110,P104748,TX,EPO,CL0636,5,5,2025-01-08,UserA,4
L048134,P104751,NY,POS,CL0747,4,2,2025-10-26,System,5
L048223,P104760,PA,PPO,CL0943,2,4,2025-08-02,UserA,5
L048255,P104763,FL,EPO,CL0912,2,1,2025-03-17,UserA,4
L048272,P104765,PA,PPO,CL0563,1,1,2025-01-01,UserC,5
L048357,P104772,OH,EPO,CL0049,3,1,2025-12-23,System,2
L048384,P104774,CA,EPO,CL0918,4,4,2025-07-02,UserB,3
L048406,P104776,IL,POS,CL0393,5,5,2025-04-11,UserA,1
L048432,P104779,PA,PPO,CL0841,1,5,2025-03-26,UserB,4
L048460,P104782,TX,EPO,CL0743,3,3,2025-05-18,UserB,4
L048687,P104804,CA,PPO,CL0671,5,5,2025-12-06,UserA,4
L048809,P104817,CA,POS,CL0793,5,5,2025-08-31,System,4
L048821,P104818,PA,POS,CL0983,2,2,2025-10-12,System,1
L048862,P104823,IL,PPO,CL0069,3,2,2025-11-15,System,3
L048931,P104829,CA,POS,CL0067,2,1,2025-09-26,System,4
L048968,P104833,MA,PPO,CL0190,4,3,2025-07-27,System,2
L049036,P104840,CT,EPO,CL0928,4,4,2025-11-04,UserA,1
L049037,P104840,CT,EPO,CL0979,4,3,2025-05-31,UserC,5
L049136,P104849,CT,EPO,CL0635,3,3,2025-11-30,UserB,1
L049198,P104856,OH,PPO,CL0396,4,3,2025-02-13,UserA,1
L049314,P104868,TX,HMO,CL0125,4,2,2025-05-15,System,4
L049322,P104869,NY,POS,CL0331,2,2,2025-05-25,UserA,4
L049356,P104871,TX,POS,CL0623,4,4,2025-06-14,UserA,2
L049558,P104892,TX,HMO,CL0125,2,2,2025-10-07,UserB,4
L049591,P104896,FL,HMO,CL0808,1,5,2025-01-21,UserC,4
L049713,P104908,MA,HMO,CL0387,2,2,2025-04-07,System,1
L049776,P104915,CA,EPO,CL0580,4,1,2025-08-14,UserB,3
L049802,P104918,CT,PPO,CL0981,5,1,2025-06-26,UserB,2
L049808,P104918,CT,PPO,CL0137,5,4,2025-11-18,UserB,1
L049827,P104921,TX,HMO,CL0546,2,2,2025-02-12,UserC,5
L049832,P104921,TX,HMO,CL0554,2,3,2025-07-10,UserC,1
L049889,P104926,CT,POS,CL0085,4,1,2025-04-16,UserB,4
L049940,P104930,IL,EPO,CL0658,5,2,2025-09-14,UserC,3
L050006,P104937,IL,POS,CL0276,4,3,2025-02-05,UserA,4
L050068,P104942,OH,PPO,CL0726,3,3,2025-02-25,UserA,5
L050110,P104946,IL,POS,CL0914,2,2,2025-07-07,System,5
L050126,P104947,IL,HMO,CL0681,3,2,2025-10-16,UserA,5
L050201,P104954,PA,EPO,CL0879,3,5,2025-03-22,UserA,3
L050232,P104958,CT,PPO,CL0942,2,1,2025-09-14,UserC,2
L050345,P104968,PA,PPO,CL0943,1,3,2025-11-06,System,5
L050363,P104969,OH,EPO,CL0692,5,3,2025-04-24,System,1
L050403,P104972,OH,EPO,CL0050,5,4,2025-07-08,UserB,2
L050548,P104985,MA,POS,CL0612,1,2,2025-08-13,UserA,5
L046906,P104629,IL,POS,CL0914,2,4,2025-04-29,UserC,5
L028935,P102859,IL,POS,CL0276,2,3,2025-05-27,UserB,4
L028158,P102787,NJ,PPO,CL0023,1,1,2025-11-06,UserA,5
L020787,P102047,TX,EPO,CL0898,2,4,2025-05-01,System,5
L020333,P102003,IL,HMO,CL0828,1,1,2025-11-06,System,4
L003687,P100363,CA,EPO,CL0918,5,1,2025-07-28,System,3
L038265,P103780,FL,HMO,CL0576,2,4,2025-05-10,UserC,3
L015743,P101549,NJ,EPO,CL0676,4,5,2025-01-12,UserC,1
L035752,P103527,NJ,HMO,CL0040,5,5,2025-10-24,System,2
L035634,P103516,NY,POS,CL0317,5,5,2025-05-15,System,2
L044007,P104348,PA,PPO,CL0474,1,3,2025-12-19,System,4
L027809,P102752,TX,POS,CL0542,3,2,2025-12-21,UserC,5
L017408,P101716,CT,PPO,CL0981,5,4,2025-02-14,UserA,2
L022291,P102195,CA,POS,CL0453,4,1,2025-06-28,UserC,4
L032653,P103225,NY,PPO,CL0641,1,2,2025-04-29,System,4
L030754,P103034,CT,HMO,CL0881,1,3,2025-01-12,UserB,2
L045012,P104448,CT,POS,CL0080,1,2,2025-12-28,UserC,4
L033287,P103288,IL,PPO,CL0391,2,1,2025-08-29,UserB,2
L028924,P102857,FL,HMO,CL0236,1,4,2025-05-21,UserC,3
L027846,P102754,IL,POS,CL0631,4,1,2025-04-19,UserC,5
L046857,P104624,CA,EPO,CL0295,3,5,2025-11-19,System,2
L044511,P104396,MA,POS,CL0612,3,2,2025-12-08,UserA,5
L004615,P100456,NY,EPO,CL0710,1,1,2025-10-09,UserA,2
L038491,P103801,TX,HMO,CL0434,4,4,2025-12-16,System,5
L035665,P103518,IL,PPO,CL0270,2,5,2025-11-07,UserB,2
L043480,P104295,NJ,EPO,CL0926,5,2,2025-02-28,UserA,1
L040719,P104017,NY,POS,CL0240,5,3,2025-06-11,UserB,1
L021399,P102108,MA,POS,CL0786,2,2,2025-03-13,UserC,3
L044710,P104418,CT,EPO,CL0547,1,5,2025-03-30,UserC,4
L038985,P103850,OH,POS,CL0366,1,1,2025-04-13,System,3
L041545,P104099,OH,PPO,CL0603,2,3,2025-11-23,UserB,4
L028798,P102846,PA,HMO,CL0251,4,3,2025-10-13,UserB,2
